ID_line;voltage;Longitude;Latitude;node_start;node_end
7;150;106.443;-6.172;1;2
8;150;107.117;-6.286;3;4
9;150;106.424;-6.2;1;6
13;150;106.87;-6.109;7;8
14;150;106.791;-6.134;9;10
15;150;105.94;-6.033;11;12
16;150;106.955;-6.118;13;14
17;150;106.896;-6.13;8;16
18;150;124.795;1.179;17;18
19;150;106.933;-6.134;13;16
20;150;106.868;-6.262;21;22
21;150;106.835;-6.258;21;24
22;150;106.51;-6.26;25;26
23;150;106.474;-6.275;25;28
24;150;106.344;-6.162;1;29
25;150;106.33;-6.179;29;32
26;150;106.523;-6.204;2;34
27;150;105.985;-5.992;35;36
28;150;106.02;-5.989;35;38
29;150;106.02;-5.989;35;39
30;150;106.004;-5.971;39;42
31;150;106.865;-6.422;43;44
32;150;106.88;-6.202;22;46
33;150;106.606;-6.156;47;48
34;150;106.328;-6.198;49;50
35;150;106.794;-6.413;21;52
36;150;106.726;-6.171;53;54
37;150;106.918;-6.187;55;56
38;150;106.726;-6.171;53;58
39;150;106.659;-6.151;47;53
40;150;106.02;-5.989;35;61
41;150;106.583;-6.214;63;64
42;150;106.923;-6.328;65;66
43;150;106.914;-6.441;43;65
44;150;106.898;-6.299;65;70
45;150;106.791;-6.134;9;72
46;150;106.798;-6.239;73;74
47;150;106.812;-6.199;72;75
48;150;106.68;-6.211;77;78
49;150;106.609;-6.243;77;80
50;150;106.825;-6.125;10;81
51;150;105.828;-6.354;83;84
52;150;106.918;-6.187;56;86
53;150;105.829;-6.392;83;88
54;150;106.464;-6.06;48;89
55;150;106.464;-6.06;89;92
56;150;106.782;-6.11;93;94
57;150;106.787;-6.111;9;93
58;150;106.726;-6.171;53;93
59;150;105.828;-6.354;84;100
60;150;106.898;-6.299;66;70
61;150;106.424;-6.2;6;25
62;150;107.322;-6.375;105;106
63;150;106.955;-6.243;66;108
64;150;106.955;-6.243;66;110
65;150;106.004;-5.971;42;112
66;150;106.945;-6.202;13;86
67;150;106.88;-6.202;46;55
68;150;106.847;-6.213;46;118
69;150;106.835;-6.18;119;120
70;150;106.835;-6.18;46;120
71;150;106.895;-6.13;55;123
72;150;106.918;-6.178;55;125
73;150;106.852;-6.14;81;127
74;150;106.743;-6.253;58;130
75;150;106.319;-6.205;32;132
76;150;106.271;-6.365;50;133
78;150;106.001;-6.405;88;133
79;150;106.032;-5.897;112;138
80;150;106.53;-6.183;34;139
81;150;109.662;-6.905;141;142
82;150;106.183;-6.091;29;143
83;150;106.659;-6.305;145;146
84;150;106.641;-6.207;47;64
85;150;106.571;-6.114;92;139
93;150;107.728;-7.219;151;152
94;150;106.891;-6.485;153;154
96;150;106.523;-6.204;2;63
97;150;106.6;-6.317;26;146
99;150;106.672;-6.351;58;145
104;150;107.322;-6.375;105;162
110;150;110.091;-7.893;163;164
112;150;110.71;-7.542;165;166
114;150;110.363;-7.839;163;168
115;150;106.766;-6.865;169;170
118;150;107.239;-6.361;171;172
119;150;107.324;-6.339;173;174
121;150;107.097;-6.296;175;176
122;150;110.435;-7.221;168;177
123;150;107.572;-7.057;179;180
124;150;106.821;-6.594;181;182
125;150;106.983;-6.205;13;184
126;150;107.13;-6.294;185;186
127;150;107.325;-6.362;162;188
128;150;108.536;-7.386;189;190
129;150;107.161;-6.376;171;175
130;150;107.16;-6.369;175;194
131;150;109.964;-7.751;163;196
132;150;110.363;-7.839;163;198
133;150;109.001;-6.887;199;200
134;150;110.506;-7.312;201;202
135;150;110.234;-7.416;177;204
136;150;110.229;-7.475;204;206
137;150;108.361;-7.333;189;207
138;150;107.494;-6.505;209;210
139;150;108.614;-6.771;199;211
140;150;107.572;-7.057;179;214
141;150;107.564;-6.915;214;215
142;150;107.112;-6.801;214;217
143;150;107.499;-6.928;214;219
144;150;106.821;-6.594;170;181
145;150;106.914;-6.441;43;224
146;150;106.914;-6.441;43;153
147;150;107.784;-7.138;227;228
148;150;106.821;-6.594;181;217
149;150;107.592;-6.858;231;232
150;150;109.898;-7.226;233;234
151;150;107.739;-7.217;152;236
152;150;107.913;-7.268;236;238
153;150;109.162;-7.539;239;240
154;150;107.097;-6.296;4;176
155;150;110.787;-7.554;166;243
156;150;107.654;-6.937;180;246
158;150;109.134;-7.581;239;248
159;150;109.905;-7.226;234;249
160;150;109.897;-7.381;249;252
161;150;107.272;-6.351;172;254
162;150;107.271;-6.308;172;256
163;150;107.662;-6.335;257;258
164;150;107.13;-6.294;186;194
165;150;107.378;-6.374;184;261
166;150;107.662;-6.335;258;261
167;150;107.117;-6.286;4;186
168;150;110.229;-7.475;177;206
169;150;110.82;-6.838;269;270
170;150;110.9;-6.806;269;272
171;150;110.714;-6.638;273;274
172;150;107.945;-6.44;257;275
173;150;107.391;-6.52;277;278
174;150;109.026;-7.282;200;280
175;150;109.089;-7.091;200;281
176;150;106.869;-6.192;46;119
177;150;109.162;-7.539;240;285
178;150;110.07;-6.98;287;288
179;150;107.739;-7.217;152;228
180;150;110.345;-6.986;291;292
181;150;107.343;-6.387;184;294
182;150;107.325;-6.362;162;184
183;150;107.378;-6.374;184;298
184;150;109.005;-7.695;248;299
185;150;110.318;-7.756;301;302
186;150;110.714;-6.638;270;273
187;150;110.82;-6.838;270;306
188;150;107.489;-6.84;219;307
189;150;106.892;-6.957;217;309
190;150;108.344;-6.479;275;311
191;150;108.486;-6.818;311;314
192;150;110.619;-7.538;165;202
194;150;109.162;-7.539;240;317
195;150;109.389;-7.443;319;320
196;150;110.41;-7.097;321;322
197;150;107.421;-7.182;219;323
198;150;110.513;-7.037;306;325
199;150;110.949;-7.804;327;328
200;150;110.816;-7.497;243;329
201;150;110.997;-7.934;327;331
202;150;110.41;-7.097;321;333
203;150;110.427;-7.05;333;336
204;150;110.432;-6.951;333;338
205;150;107.489;-6.84;232;307
206;150;109.026;-7.689;341;342
207;150;107.35;-6.672;307;343
208;150;107.489;-6.84;307;346
209;150;110.709;-7.677;166;347
210;150;110.62;-7.712;168;347
211;150;110.393;-7.739;301;347
212;150;110.709;-7.677;347;354
213;150;109.385;-6.914;142;356
214;150;109.128;-6.913;200;356
215;150;107.001;-6.253;110;360
216;150;106.545;-7.022;169;361
217;150;106.545;-7.022;309;361
218;150;107.306;-6.36;105;254
219;150;109.51;-7.631;239;367
220;150;109.779;-7.611;196;370
221;150;107.782;-6.951;371;372
222;150;110.263;-6.967;287;292
223;150;109.026;-7.689;240;341
224;150;109.088;-7.686;240;342
225;150;109.134;-7.581;240;248
226;150;106.857;-6.525;43;182
228;150;110.804;-7.614;329;383
229;150;106.648;-6.742;385;386
230;150;106.648;-6.742;181;385
231;150;111.052;-6.767;272;389
232;150;111.346;-6.722;389;392
233;150;108.54;-6.737;211;314
234;150;110.365;-6.987;291;336
235;150;110.432;-6.951;177;338
236;150;110.405;-6.992;338;400
237;150;110.432;-6.951;338;402
238;150;107.035;-6.284;110;176
239;150;108.126;-7.635;405;406
240;150;108.209;-7.353;238;408
241;150;107.669;-6.869;231;246
242;150;110.411;-7.158;322;412
243;150;110.411;-7.158;322;325
244;150;112.096;-7.614;415;416
245;150;109.769;-6.935;141;288
246;150;110.765;-7.623;328;354
247;150;109.897;-7.381;252;422
248;150;110.134;-7.279;204;422
249;150;109.608;-7.396;252;319
250;150;109.779;-7.611;252;370
251;150;110.765;-7.623;354;383
252;150;107.572;-7.057;179;431
253;150;107.626;-7.196;228;431
263;150;106.918;-6.187;13;56
272;150;107.769;-7.036;227;438
275;150;107.654;-6.937;180;246
284;150;112.145;-7.129;441;442
297;150;112.637;-7.194;443;444
299;150;106.802;-6.559;445;446
303;150;107.572;-7.057;179;448
304;150;104.574;-5.321;449;450
305;150;106.821;-6.594;181;182
307;150;107.782;-6.951;227;371
309;150;110.318;-7.756;163;302
310;150;111.398;-6.969;457;458
311;150;110.411;-7.158;177;322
312;150;110.338;-7.032;291;461
318;150;106.866;-6.111;123;127
319;150;110.229;-7.475;206;465
320;150;110.881;-7.561;329;468
321;150;109.897;-7.381;204;252
322;150;109.005;-7.695;299;341
323;150;110.411;-7.158;322;338
324;150;107.378;-6.374;184;278
325;150;109.088;-7.686;240;342
327;150;107.669;-6.869;231;246
329;150;107.572;-7.057;179;180
330;150;110.263;-6.967;287;292
332;150;107.592;-6.858;231;232
333;150;107.489;-6.84;232;307
334;150;107.161;-6.376;175;489
335;150;107.35;-6.672;209;343
336;150;107.731;-6.936;246;371
337;150;107.322;-6.375;105;294
342;150;110.435;-7.221;168;177
343;150;108.361;-7.333;189;207
347;150;107.572;-7.057;179;448
348;150;107.378;-6.374;184;298
349;150;106.983;-6.205;13;184
350;150;107.13;-6.294;185;186
351;150;111.398;-6.969;457;458
352;150;109.964;-7.751;164;196
353;150;109.001;-6.887;199;200
354;150;110.482;-7.245;201;412
355;150;110.506;-7.312;201;202
356;150;110.338;-7.032;291;461
357;150;109.662;-6.905;141;142
358;150;110.787;-7.554;166;243
359;150;107.097;-6.296;175;176
360;150;107.161;-6.376;171;175
361;150;106.766;-6.865;169;170
362;150;107.16;-6.369;175;194
363;150;108.614;-6.771;199;211
364;150;108.54;-6.737;211;314
365;150;107.572;-7.057;179;214
366;150;107.564;-6.915;214;215
367;150;107.739;-7.217;152;236
368;150;110.345;-6.986;291;292
369;150;107.739;-7.217;152;228
370;150;107.112;-6.801;214;217
371;150;107.499;-6.928;214;219
372;150;106.821;-6.594;170;181
373;150;106.914;-6.441;43;224
374;150;106.914;-6.441;43;153
375;150;107.784;-7.138;227;228
376;150;107.782;-6.951;227;371
377;150;107.769;-7.036;227;438
378;150;106.821;-6.594;181;217
379;150;107.728;-7.219;151;152
380;150;107.662;-6.335;257;258
381;150;107.13;-6.294;186;194
382;150;107.378;-6.374;184;261
383;150;107.662;-6.335;258;261
384;150;107.117;-6.286;4;186
385;150;110.229;-7.475;206;412
386;150;106.802;-6.559;445;580
387;150;110.07;-6.98;287;288
388;150;106.648;-6.742;385;386
389;150;108.486;-6.818;311;314
390;150;110.619;-7.538;166;202
391;150;107.239;-6.361;171;172
392;150;107.325;-6.362;162;188
393;150;110.513;-7.037;306;325
394;150;110.949;-7.804;327;328
395;150;110.816;-7.497;243;329
396;150;110.997;-7.934;327;331
397;150;110.41;-7.097;321;333
398;150;107.35;-6.672;307;343
399;150;106.891;-6.485;153;154
400;150;107.391;-6.52;277;307
401;150;107.489;-6.84;219;307
402;150;110.62;-7.712;168;347
403;150;110.393;-7.739;301;347
404;150;106.648;-6.742;169;385
405;150;110.709;-7.677;347;354
406;150;111.346;-6.722;389;392
407;150;109.128;-6.913;200;356
408;150;107.001;-6.253;110;360
409;150;107.271;-6.308;172;256
410;150;106.857;-6.525;43;182
411;150;106.545;-7.022;169;361
412;150;107.322;-6.375;105;106
413;150;107.421;-7.182;219;323
414;150;110.84;-7.257;306;636
415;150;109.51;-7.631;196;239
416;150;109.727;-7.734;196;367
417;150;107.731;-6.936;246;371
418;150;107.782;-6.951;371;372
419;150;110.804;-7.614;329;383
420;150;111.014;-7.413;647;648
421;150;111.014;-7.413;647;648
422;150;110.365;-6.987;291;336
423;150;107.035;-6.284;110;176
424;150;110.538;-6.928;270;402
425;150;108.126;-7.635;405;406
426;150;110.411;-7.158;322;659
427;150;110.411;-7.158;322;325
430;150;109.779;-7.611;252;370
431;150;110.765;-7.623;354;383
432;150;107.626;-7.196;228;431
453;150;106.545;-7.022;309;361
458;150;106.87;-6.109;7;8
459;150;106.866;-6.111;123;127
460;150;105.996;-5.98;675;676
461;150;106.791;-6.134;9;10
462;150;105.869;-6.15;100;680
463;150;105.94;-6.033;11;680
464;150;105.869;-6.15;11;100
465;150;105.94;-6.033;11;35
466;150;105.951;-6.025;12;35
467;150;106.443;-6.172;1;2
468;150;106.424;-6.2;1;6
469;150;106.835;-6.258;21;24
470;150;106.51;-6.26;25;26
471;150;106.474;-6.275;25;28
472;150;105.999;-5.982;39;675
473;150;106.344;-6.162;1;29
474;150;106.33;-6.179;29;32
475;150;106.523;-6.204;2;63
476;150;106.523;-6.204;2;34
477;150;105.985;-5.992;35;36
478;150;106.02;-5.989;35;38
479;150;106.02;-5.989;35;39
480;150;106.865;-6.422;43;44
481;150;105.962;-6.036;35;717
482;150;106.008;-6.002;35;719
483;150;105.962;-6.036;35;717
484;150;106.606;-6.156;47;48
485;150;106.641;-6.207;47;64
486;150;106.583;-6.214;63;64
487;150;106.794;-6.413;21;52
489;150;107.109;-6.273;4;731
490;150;106.726;-6.171;53;54
491;150;106.726;-6.171;53;58
492;150;106.659;-6.151;47;53
493;150;106.02;-5.989;35;61
494;150;106.791;-6.134;9;72
495;150;106.798;-6.239;73;74
496;150;106.794;-6.413;52;746
497;150;106.794;-6.413;52;746
498;150;106.825;-6.125;10;81
499;150;106.852;-6.14;81;127
500;150;105.828;-6.354;83;84
501;150;105.829;-6.392;83;88
502;150;106.6;-6.317;26;146
503;150;106.464;-6.06;48;89
504;150;112.674;-7.288;761;762
505;150;106.464;-6.06;89;92
506;150;106.726;-6.171;53;94
507;150;106.726;-6.171;53;93
514;150;106.571;-6.114;92;139
515;150;107.378;-6.374;184;278
516;150;106.659;-6.305;145;146
517;150;106.53;-6.183;34;139
518;150;106.032;-5.897;112;778
519;150;106.468;-6.205;779;780
520;150;106.001;-6.405;88;133
521;150;106.271;-6.365;50;133
522;150;106.328;-6.198;32;49
523;150;106.319;-6.205;49;132
524;150;106.328;-6.198;49;50
525;150;106.743;-6.253;58;130
526;150;106.782;-6.11;93;94
527;150;106.787;-6.111;9;93
528;150;105.828;-6.354;84;100
529;150;106.955;-6.243;66;110
530;150;106.918;-6.187;55;56
531;150;119.118;-2.492;803;804
532;150;106.88;-6.202;46;55
533;150;106.895;-6.13;55;123
534;150;106.523;-6.204;2;78
536;150;106.74;-6.273;58;812
537;150;106.918;-6.178;55;813
538;150;106.822;-6.236;24;816
539;150;106.822;-6.236;24;816
540;150;106.868;-6.262;21;22
541;150;106.88;-6.202;22;46
542;150;106.914;-6.441;43;65
543;150;106.672;-6.351;145;812
544;150;112.6;-7.369;827;828
545;150;106.183;-6.091;143;830
546;150;106.286;-6.128;29;830
547;150;105.996;-5.98;112;676
548;150;106.656;-6.22;78;836
549;150;106.523;-6.204;2;80
550;150;106.468;-6.205;779;780
551;150;106.424;-6.2;6;779
552;150;106.424;-6.2;6;779
553;150;106.751;-6.124;94;845
554;150;106.751;-6.124;94;845
555;150;106.726;-6.171;53;845
556;150;106.726;-6.171;53;845
557;150;106.812;-6.199;72;75
558;150;106.915;-6.146;55;855
559;150;106.896;-6.13;8;855
560;150;106.896;-6.13;8;125
561;150;119.147;-2.473;804;861
562;150;110.363;-7.839;163;198
563;150;109.779;-7.611;196;370
564;150;108.536;-7.386;189;190
566;150;110.709;-7.677;166;347
569;150;108.787;-7.312;240;872
570;150;110.229;-7.475;204;206
571;150;109.026;-7.282;280;285
572;150;107.913;-7.268;236;238
573;150;108.209;-7.353;238;408
574;150;110.363;-7.839;163;168
575;150;106.955;-6.118;13;14
576;150;110.9;-6.806;269;272
578;150;110.411;-7.158;322;412
579;150;107.391;-6.52;277;307
580;150;110.714;-6.638;273;274
581;150;103.964;1.095;893;894
584;150;108.344;-6.479;275;311
586;150;110.41;-7.097;321;322
587;150;109.769;-6.935;141;288
588;150;110.538;-6.928;270;402
589;150;109.385;-6.914;142;356
590;150;111.052;-6.767;272;389
591;150;107.494;-6.505;209;210
595;150;106.955;-6.243;66;108
596;150;110.765;-7.623;328;354
597;150;109.134;-7.581;240;248
598;150;110.432;-6.951;338;402
599;150;108.787;-7.312;240;872
600;150;109.026;-7.282;280;285
602;150;109.608;-7.396;252;319
603;150;107.609;-6.92;214;923
604;150;110.482;-7.245;201;412
605;150;110.84;-7.257;306;636
607;150;110.432;-6.951;177;338
608;150;110.411;-7.158;322;338
609;150;110.432;-6.951;333;338
611;150;110.82;-6.838;269;270
612;150;110.714;-6.638;270;273
613;150;110.82;-6.838;270;306
615;150;106.672;-6.351;130;145
616;150;106.672;-6.351;130;145
617;150;107.117;-6.286;3;4
620;150;106.896;-6.13;8;948
622;150;107.391;-6.52;277;278
623;150;108.209;-7.353;238;405
624;150;108.209;-7.353;238;405
625;150;110.427;-7.05;333;336
626;150;108.133;-6.476;275;957
627;150;107.945;-6.44;257;275
628;150;107.489;-6.84;307;962
629;150;107.553;-6.881;346;962
630;150;107.609;-6.92;214;923
631;150;106.766;-6.865;169;181
632;150;106.864;-6.973;309;969
633;150;106.545;-7.022;361;969
634;150;107.097;-6.296;176;731
635;150;107.097;-6.296;176;731
636;150;107.109;-6.273;4;731
637;150;107.272;-6.351;105;172
638;150;107.35;-6.672;343;982
639;150;107.455;-6.568;209;982
641;150;109.897;-7.381;234;252
642;150;117.214;-0.524;987;988
643;150;109.162;-7.539;240;319
644;150;109.088;-7.686;285;342
645;150;109.026;-7.689;248;341
646;150;109.026;-7.282;280;281
647;150;110.229;-7.475;206;412
648;150;110.229;-7.475;204;206
649;150;110.354;-7.802;163;1001
650;150;110.354;-7.802;163;1001
651;150;112.772;-7.255;1005;1006
652;150;110.229;-7.475;206;301
653;150;110.33;-7.682;301;465
654;150;110.881;-7.561;329;648
655;150;110.93;-7.461;468;648
656;150;110.365;-6.987;291;338
657;150;110.365;-6.987;291;400
658;150;111.346;-6.722;392;458
659;150;111.346;-6.722;392;1022
660;150;111.398;-6.969;458;1022
661;150;112.745;-7.21;1025;1026
662;150;112.746;-7.341;1027;1028
663;275;109.497;0.907;1029;1030
664;150;117.193;-0.583;988;1031
666;150;116.978;-0.456;1033;1034
668;150;110.07;-6.98;288;322
669;150;110.07;-6.98;288;322
670;150;106.984;-6.202;813;948
671;150;112.77;-7.291;1005;1041
672;150;117.106;-0.547;1043;1044
673;150;117.106;-0.547;1031;1044
674;150;117.293;-0.316;987;1048
675;150;108.985;0.316;1049;1050
676;150;112.674;-7.288;761;1052
677;150;108.985;0.316;1049;1053
678;150;116.949;-1.238;1055;1056
680;150;109.206;0.059;1050;1057
681;150;109.328;0;1057;1060
682;150;108.988;0.927;1053;1061
684;150;112.686;-7.257;1063;1064
685;150;108.988;0.927;1053;1065
686;150;117.052;-0.382;1033;1043
687;150;112.688;-7.701;1069;1070
688;150;114.85;-3.466;1071;1072
689;150;115.295;-2.417;1073;1074
690;150;115.328;-2.684;1074;1076
691;150;116.792;-1.166;1077;1078
692;150;112.686;-7.256;1079;1080
693;150;112.707;-7.347;1063;1082
694;150;116.878;-1.149;1044;1078
695;150;111.892;-6.819;1085;1086
696;150;116.878;-1.149;1055;1078
697;150;116.841;-1.262;1055;1090
701;150;112.713;-7.254;1091;1092
715;150;111.908;-6.861;1086;1093
722;150;112.686;-7.256;1079;1096
723;150;112.723;-7.208;1097;1098
727;150;116.398;-8.228;1099;1100
728;150;124.855;1.456;1101;1102
731;150;116.074;-8.658;1103;1104
732;150;116.079;-8.629;1105;1106
733;150;116.292;-8.813;1107;1108
734;150;116.525;-8.632;1109;1110
735;150;116.291;-8.814;1111;1112
736;150;116.204;-8.699;1113;1114
737;150;116.087;-8.544;1115;1116
738;150;116.629;-8.543;1117;1118
739;150;112.575;-7.179;1119;1120
740;150;112.66;-7.167;443;1121
741;150;112.661;-7.168;1123;1124
742;150;112.414;-7.142;1125;1126
743;150;112.635;-7.153;1127;1128
744;150;112.637;-7.195;1129;1130
745;150;112.651;-7.326;1052;1131
746;150;112.707;-7.355;1133;1134
747;150;112.709;-7.346;1135;1136
748;150;112.706;-7.409;1137;1138
749;150;112.746;-7.341;1027;1140
750;150;112.72;-7.149;1141;1142
751;150;112.771;-7.126;1143;1144
752;150;112.793;-7.057;1143;1146
753;150;113.239;-7.179;1147;1148
759;150;112.708;-7.412;1149;1150
761;150;112.771;-7.127;1151;1152
762;150;112.645;-7.19;1128;1153
767;150;112.619;-7.347;1155;1156
770;150;112.247;-8.143;1157;1158
771;150;112.605;-7.344;1159;1160
772;150;112.605;-7.344;1064;1159
773;150;112.033;-7.837;1163;1164
774;150;112.343;-7.59;1163;1166
775;150;112.462;-7.468;1167;1168
780;150;112.596;-7.324;1169;1170
781;150;112.605;-7.344;1063;1159
789;150;112.568;-7.348;1159;1174
791;150;112.444;-8.159;1175;1176
792;150;112.591;-8.02;1175;1177
793;150;112.576;-7.905;1179;1180
794;150;112.617;-8.021;1179;1182
795;150;112.617;-8.021;1179;1184
796;150;112.675;-7.841;1185;1186
802;150;112.677;-7.842;1187;1188
807;150;112.621;-7.342;1131;1189
811;150;112.577;-7.181;1191;1192
812;150;112.558;-7.413;1193;1194
813;150;112.46;-7.469;1194;1196
814;150;112.605;-7.344;1159;1197
816;150;111.577;-7.149;457;1199
818;150;111.867;-7.176;1199;1202
819;150;111.994;-6.813;1203;1204
820;150;112.035;-6.888;1202;1206
821;150;111.457;-7.407;647;1207
822;150;111.494;-7.87;1209;1210
827;150;111.548;-7.641;1209;1211
828;150;112.033;-7.837;1164;1213
834;150;112.148;-7.124;1202;1216
835;150;112.413;-7.142;1216;1218
836;150;112.033;-7.837;1164;1220
837;150;112.145;-7.129;442;1221
838;150;111.893;-6.818;442;1224
839;150;111.125;-8.182;1225;1226
840;150;111.113;-8.182;1227;1228
842;150;131.247;-1.021;1229;1230
846;150;111.112;-8.182;1210;1232
847;150;112.209;-7.539;1233;1234
848;150;112.09;-7.611;1213;1234
849;150;112.016;-7.764;1237;1238
851;150;111.041;-8.078;331;1240
852;150;111.917;-6.866;1206;1241
854;150;112.724;-7.606;1188;1244
855;150;112.776;-7.604;1188;1245
856;150;102.485;-3.59;1247;1248
857;150;112.76;-7.768;1245;1250
858;150;112.777;-7.604;1251;1252
859;150;112.814;-7.628;1245;1252
860;150;112.896;-7.688;1252;1255
862;150;112.896;-7.688;1252;1258
863;150;113.426;-7.779;1259;1260
864;150;113.582;-7.719;1260;1261
865;150;114.661;-8.364;1263;1264
866;150;113.212;-8.129;1265;1266
867;150;113.229;-7.85;1267;1268
869;150;113.213;-7.766;1269;1270
870;150;113.212;-8.128;1271;1272
871;150;113.313;-7.798;1270;1274
872;150;113.833;-7.937;1261;1276
873;150;114.019;-7.717;1261;1277
874;150;113.699;-8.193;1279;1280
875;150;113.699;-8.193;1279;1282
876;150;114.356;-8.188;1283;1284
878;150;112.68;-7.969;1285;1286
879;150;104.732;-2.951;1287;1288
880;150;112.904;-7.687;1266;1290
881;150;114.164;-8.387;1291;1292
884;150;114.442;-8.175;1293;1294
885;150;114.442;-8.175;1264;1294
886;150;115.015;-8.516;1263;1298
887;150;115.161;-8.258;1298;1299
888;150;115.182;-8.583;1298;1302
889;150;115.182;-8.583;1298;1303
890;150;115.183;-8.583;1305;1306
891;150;115.06;-8.136;1293;1299
892;150;115.335;-8.562;1309;1310
893;150;115.211;-8.718;1311;1312
894;150;115.211;-8.718;1311;1312
895;150;115.183;-8.743;1312;1316
896;150;115.253;-8.674;1309;1318
897;150;127.307;0.766;1319;1320
898;150;115.252;-8.674;1302;1321
899;150;115.186;-8.667;1312;1324
900;150;115.182;-8.745;1306;1325
901;150;115.205;-8.443;1327;1328
902;150;114.434;-8.166;1294;1329
903;150;115.182;-8.748;1331;1332
904;150;115.183;-8.751;1331;1333
905;150;119.473;-5.147;1335;1336
907;150;114.853;-8.199;1298;1337
908;150;125.094;1.657;1339;1340
909;150;123.468;0.875;1341;1342
910;150;123.023;0.544;1343;1344
911;150;98.663;2.236;1345;1346
912;150;119.462;-5.231;1347;1348
913;150;119.595;-4.931;1347;1350
914;150;119.395;-5.19;1348;1352
915;150;119.462;-5.231;1348;1353
916;150;119.446;-5.164;1335;1356
917;150;119.462;-5.231;1335;1348
918;150;119.633;-4.293;1359;1360
919;150;119.637;-4.022;1360;1361
920;150;119.624;-3.969;1363;1364
921;150;119.589;-4.801;1359;1365
922;150;119.636;-4.022;1364;1368
923;150;119.649;-3.475;1368;1370
924;150;104.006;1.013;1371;1372
925;150;118.96;-3.495;1373;1374
926;150;119.32;-3.402;1374;1376
927;150;119.595;-4.931;1347;1361
928;150;119.753;-3.917;1361;1379
929;150;119.474;-5.462;1353;1381
930;150;119.784;-5.666;1381;1384
931;150;119.753;-3.917;1361;1386
932;150;119.753;-3.917;1361;1387
933;150;119.924;-4.351;1379;1387
934;150;119.924;-4.351;1379;1391
935;150;119.895;-3.072;1386;1393
936;150;103.931;1.055;893;1395
938;150;122.013;0.478;1397;1398
940;150;122.886;0.657;1398;1400
943;150;124.604;1.219;1102;1402
944;150;122.886;0.657;1398;1404
945;150;123.256;0.904;1404;1406
946;150;123.996;0.858;1406;1408
950;150;103.979;1.074;893;1371
951;150;124.293;0.781;1402;1408
952;150;124.48;1.181;1402;1413
953;150;124.604;1.219;17;1402
954;150;124.795;1.179;17;1418
955;150;124.822;1.254;1418;1419
961;150;103.903;1.09;1395;1422
962;150;124.926;1.494;1101;1424
965;150;120.651;-1.64;1425;1426
966;150;107.566;-2.892;1427;1428
967;150;104.084;1.099;1429;1430
968;150;104.04;1.032;1431;1432
969;150;104.037;1.031;1433;1434
970;275;104.932;-5.368;1435;1436
971;150;119.937;-0.999;1426;1438
972;150;106.091;-2.102;1439;1440
973;150;106.101;-1.902;1441;1442
975;150;98.505;3.159;1443;1444
976;150;106.09;-2.102;1445;1446
977;150;104.022;1.114;1447;1448
978;150;104.022;1.114;1447;1450
979;150;104.084;1.099;1429;1451
980;150;103.964;1.095;894;1447
982;275;104.181;-2.843;1455;1456
983;150;104.647;-2.928;1457;1458
984;150;101.317;-0.877;1459;1460
987;150;99.654;2.963;1461;1462
988;150;104.576;-4.833;1463;1464
989;150;100.754;-0.613;1465;1466
990;150;105.35;-5.518;1467;1468
991;150;100.643;-0.253;1469;1470
992;150;99.035;1.481;1471;1472
994;150;99.46;3.343;1473;1474
995;150;100.277;-0.683;1475;1476
996;150;100.378;-0.344;1477;1478
997;150;100.115;-0.31;1479;1480
998;150;99.828;0.077;1481;1482
999;150;104.871;-2.924;1483;1484
1000;150;104.771;-3.004;1485;1486
1002;150;100.753;-0.612;1487;1488
1003;150;102.103;-1.432;1489;1490
1004;150;101.524;0.41;1491;1492
1005;150;98.594;3.59;1493;1494
1006;150;95.963;5.352;1495;1496
1007;150;105.351;-5.518;1497;1498
1008;150;105.35;-5.518;1467;1499
1009;150;100.573;-0.404;1487;1502
1010;150;100.399;-0.451;1503;1504
1011;150;97.943;4.511;1505;1506
1012;150;98.722;3.553;1507;1508
1013;150;99.106;2.964;1509;1510
1014;150;100.351;-0.62;1511;1512
1015;150;100.351;-0.621;1513;1513
1016;150;104.646;-2.928;1484;1515
1017;150;98.99;2.016;1510;1518
1018;150;104.245;-3.445;1519;1520
1019;150;98.729;1.752;1521;1522
1020;150;99.808;2.112;1462;1524
1021;150;122.797;0.85;1525;1526
1022;150;99.3;1.339;1472;1527
1023;150;100.632;-0.793;1466;1530
1024;150;104.16;-4.116;1531;1532
1025;150;98.835;1.691;1471;1533
1026;150;114.552;-3.277;1535;1536
1027;150;98.34;2.735;1537;1538
1028;150;100.378;-0.942;1476;1539
1029;150;104.655;-3.207;1520;1542
1030;150;100.277;-0.681;1543;1544
1031;150;100.349;-0.622;1503;1543
1032;150;98.836;1.692;1547;1548
1033;150;100.474;-0.947;1549;1550
1034;150;101.524;0.41;1491;1551
1035;150;104.181;-2.843;1455;1458
1036;150;98.836;1.692;1518;1548
1037;150;99.165;3.382;1557;1558
1038;150;99.106;2.964;1509;1559
1039;150;98.63;2.533;1561;1562
1040;150;101.463;0.547;1551;1563
1042;150;98.667;3.715;1565;1566
1043;150;104.573;-5.31;1567;1568
1044;150;103.543;-1.603;1490;1569
1045;275;100.417;-1.031;1571;1572
1046;150;98.255;4.12;1573;1574
1047;275;104.809;-2.968;1486;1575
1048;150;96.111;4.173;1495;1577
1050;150;98.67;3.771;1565;1580
1051;150;96.727;5.131;1581;1582
1052;150;97.183;5.114;1506;1584
1053;150;98.654;3.476;1443;1585
1054;150;97.943;4.511;1506;1588
1055;150;103.226;-3.981;1589;1590
1056;150;104.689;-2.98;1591;1592
1057;150;102.856;-3.239;1593;1594
1058;150;98.68;3.754;1580;1596
1059;150;104.862;-4.85;1597;1598
1060;150;98.653;3.474;1585;1599
1061;150;98.68;3.671;1601;1602
1062;150;98.664;2.237;1603;1604
1063;150;103.511;-3.767;1593;1605
1064;150;104.78;-3.04;1607;1608
1065;150;103.797;-3.73;1605;1610
1066;150;104.486;-4.577;1611;1612
1067;150;98.273;3.992;1505;1613
1068;150;98.508;3.646;1565;1613
1069;150;98.667;3.715;1566;1618
1070;150;95.57;5.359;1619;1620
1071;150;102.103;-1.432;1489;1621
1072;150;99.2;2.481;1623;1624
1073;150;98.593;3.59;1566;1626
1074;275;101.319;-0.878;1627;1628
1075;275;102.318;-3.205;1629;1630
1076;150;100.881;0.294;1631;1632
1077;150;100.884;0.297;1633;1634
1078;150;104.655;-5.498;1635;1636
1079;150;100.128;1.862;1524;1638
1080;150;101.354;0.498;1634;1640
1081;150;101.279;1.075;1641;1642
1082;150;101.137;1.366;1643;1644
1083;150;103.15;-1.726;1645;1646
1084;150;105.508;-4.884;1647;1648
1085;150;100.448;1.665;1638;1649
1086;150;101.137;1.366;1642;1643
1087;150;105.206;-5.336;1653;1654
1088;150;105.342;-5.511;1468;1655
1089;150;105.206;-5.334;1468;1658
1090;150;105.173;-5.185;1659;1660
1091;150;104.783;-4.055;1661;1662
1092;150;100.115;-0.31;1479;1664
1093;150;104.793;-3.031;1665;1666
1094;150;102.514;-3.526;1248;1594
1095;150;104.509;-4.944;1464;1669
1096;150;104.783;-5.256;1671;1672
1097;150;105.305;-5.171;1673;1674
1098;150;98.593;3.59;1585;1626
1099;150;98.508;3.646;1613;1626
1100;150;98.661;3.664;1566;1680
1101;150;98.906;3.472;1681;1682
1102;150;98.788;3.6;1559;1618
1103;150;105.384;-5.556;1685;1686
1104;150;98.332;2.58;1687;1688
1105;150;109.206;0.059;1050;1690
1106;150;102.274;-2.043;1594;1621
1107;150;140.679;-2.586;1693;1694
1108;150;105.175;-5.185;1647;1695
1109;150;98.69;3.54;1443;1618
1110;150;97.43;5.119;1699;1700
1111;150;95.343;5.514;1496;1702
1112;150;104.135;-2.864;1455;1704
1114;150;103.511;-3.767;1593;1705
1115;150;98.805;3.542;1707;1708
1116;150;98.788;3.6;1618;1707
1117;150;104.864;-4.851;1711;1712
1118;150;103.532;-1.571;1490;1714
1119;150;100.571;-0.403;1478;1715
1120;150;95.963;5.352;1496;1717
1121;150;104.871;-2.928;1484;1720
1122;150;99.354;3.127;1721;1722
1123;150;98.34;2.736;1723;1724
1124;150;103.797;-3.73;1605;1726
1125;150;104.738;-2.885;1727;1728
1126;150;104.169;-4.106;1610;1729
1127;150;100.416;-1.028;1550;1731
1128;150;103.801;-3.507;1726;1734
1129;150;103.62;-1.541;1735;1736
1130;150;103.549;-1.69;1737;1738
1131;150;98.495;2.797;1739;1740
1132;150;98.843;1.735;1741;1742
1133;150;100.374;-1.079;1743;1744
1134;150;100.425;-1.071;1745;1746
1135;150;100.433;-0.934;1476;1550
1136;150;104.745;-3.033;1457;1483
1137;150;114.571;-3.309;1751;1752
1138;150;102.933;-4.413;1753;1754
1142;150;109.328;0;1057;1756
1143;150;114.552;-3.277;1535;1751
1144;150;110.001;0.353;1759;1760
1145;150;109.497;0.906;1061;1760
1146;150;108.865;0.83;1053;1764
1147;150;108.865;0.83;1764;1766
1148;150;117.435;0.161;1048;1768
1149;150;116.672;-1.341;1077;1770
1150;150;116.095;-1.803;1770;1772
1151;150;115.45;-2.195;1076;1772
1152;150;114.979;-1.746;1076;1776
1153;150;114.374;-3.012;1535;1778
1154;150;114.866;-0.867;1776;1780
1155;150;114.866;-0.867;1780;1782
1156;150;117.189;-0.781;1031;1784
1157;150;115.126;-3.029;1071;1074
1158;150;114.758;-3.73;1072;1787
1159;150;114.758;-3.73;1787;1789
1160;150;115.105;-3.925;1789;1792
1161;150;115.519;-3.713;1792;1794
1162;150;117.052;-0.382;1033;1796
1163;150;114.627;-3.424;1752;1789
1164;150;114.627;-3.424;1072;1752
1167;150;114.209;-2.821;1778;1802
1168;150;116.595;-0.272;1034;1803
1169;150;116.095;-1.803;1772;1806
1170;150;113.874;-2.175;1802;1808
1171;150;113.434;-1.9;1808;1810
1172;150;112.921;-2.481;1810;1812
1173;150;112.91;-2.763;1813;1814
1174;150;114.62;-3.23;1074;1536
1175;150;119.815;-0.858;1438;1818
1177;150;111.704;-2.615;1814;1820
1178;150;118.88;-2.697;803;1821
1179;150;120.179;-3.024;1393;1824
1180;150;120.139;-5.57;1384;1391
1181;150;118.88;-2.697;1373;1821
1182;150;120.073;-4.176;1387;1824
1183;275;120.179;-3.024;1393;1832
1184;275;120.65;-1.64;1832;1834
1185;150;120.792;-2.552;1832;1835
1186;150;122.074;-3.862;1837;1838
1187;150;122.466;-4.025;1837;1839
1188;150;120.918;-3.537;1835;1841
1189;150;120.918;-3.537;1841;1844
1190;150;121.638;-4.073;1838;1844
1191;150;123.461;-10.354;1847;1848
1192;150;119.394;-1.155;1818;1849
1193;150;119.309;-2.078;861;1849
1194;150;114.4;-8.153;1284;1329
